{
  "bestSolution": {
    "revenue": 343352
  },
  "checkPoints": [
    {
      "solution": {
        "revenue": 343352
      },
      "time": 19.400408029556274
    }
  ],
  "instance": "density\u003dLOW_nInventory\u003d10_nHours\u003d3_seed\u003d3",
  "additionalInformation": {
    "timeLimit": 7200,
    "runTime": 19.400408029556274,
    "objectiveValue": 343352.1740788911,
    "gap": 9.31920158901282E-5,
    "upperBound": 343384.1717601538
  }
}