{
  "bestSolution": {
    "revenue": 367664
  },
  "checkPoints": [
    {
      "solution": {
        "revenue": 367664
      },
      "time": 19.84927201271057
    }
  ],
  "instance": "density\u003dLOW_nInventory\u003d10_nHours\u003d3_seed\u003d2",
  "additionalInformation": {
    "timeLimit": 7200,
    "runTime": 19.84927201271057,
    "objectiveValue": 367664.7494108161,
    "gap": 0.0,
    "upperBound": 367664.7494108161
  }
}