{
  "bestSolution": {
    "revenue": 419331
  },
  "checkPoints": [
    {
      "solution": {
        "revenue": 418335
      },
      "time": 30.0
    },
    {
      "solution": {
        "revenue": 419331
      },
      "time": 60.0
    },
    {
      "solution": {
        "revenue": 419331
      },
      "time": 44.764086961746216
    }
  ],
  "instance": "density\u003dHIGH_nInventory\u003d10_nHours\u003d3_seed\u003d8",
  "additionalInformation": {
    "timeLimit": 7200,
    "runTime": 44.764086961746216,
    "objectiveValue": 419331.7919755562,
    "gap": 0.0,
    "upperBound": 419331.7919755562
  }
}