{
  "bestSolution": {
    "revenue": 244358
  },
  "checkPoints": [
    {
      "solution": {
        "revenue": 244129
      },
      "time": 30.0
    },
    {
      "solution": {
        "revenue": 244358
      },
      "time": 24.577669858932495
    }
  ],
  "instance": "density\u003dLOW_nInventory\u003d10_nHours\u003d3_seed\u003d8",
  "additionalInformation": {
    "timeLimit": 7200,
    "runTime": 24.577669858932495,
    "objectiveValue": 244358.05718896448,
    "gap": 0.0,
    "upperBound": 244358.05718896448
  }
}