{
  "bestSolution": {
    "revenue": 374110
  },
  "checkPoints": [
    {
      "solution": {
        "revenue": 354735
      },
      "time": 30.0
    },
    {
      "solution": {
        "revenue": 373228
      },
      "time": 60.0
    },
    {
      "solution": {
        "revenue": 374110
      },
      "time": 120.0
    },
    {
      "solution": {
        "revenue": 374110
      },
      "time": 43.699296951293945
    }
  ],
  "instance": "density\u003dMEDIUM_nInventory\u003d10_nHours\u003d3_seed\u003d4",
  "additionalInformation": {
    "timeLimit": 7200,
    "runTime": 43.699296951293945,
    "objectiveValue": 374110.1193390637,
    "gap": 8.295754520350273E-5,
    "upperBound": 374141.15459619986
  }
}