{
  "bestSolution": {
    "revenue": 261664
  },
  "checkPoints": [
    {
      "solution": {
        "revenue": 261664
      },
      "time": 30.0
    },
    {
      "solution": {
        "revenue": 261664
      },
      "time": 9.578166007995605
    }
  ],
  "instance": "density\u003dLOW_nInventory\u003d10_nHours\u003d3_seed\u003d10",
  "additionalInformation": {
    "timeLimit": 7200,
    "runTime": 9.578166007995605,
    "objectiveValue": 261664.0446502616,
    "gap": 5.24629421835545E-11,
    "upperBound": 261664.04466398928
  }
}