{
  "bestSolution": {
    "revenue": 367664
  },
  "checkPoints": [
    {
      "solution": {
        "revenue": 363021
      },
      "time": 30.0
    },
    {
      "solution": {
        "revenue": 363447
      },
      "time": 60.0
    },
    {
      "solution": {
        "revenue": 367664
      },
      "time": 120.0
    },
    {
      "solution": {
        "revenue": 367664
      },
      "time": 55.14722394943237
    }
  ],
  "instance": "density\u003dLOW_nInventory\u003d10_nHours\u003d3_seed\u003d2",
  "additionalInformation": {
    "timeLimit": 7200,
    "runTime": 55.14722394943237,
    "objectiveValue": 367664.7494108161,
    "gap": 0.0,
    "upperBound": 367664.7494108161
  }
}