{
  "bestSolution": {
    "revenue": 419331
  },
  "checkPoints": [
    {
      "solution": {
        "revenue": 418147
      },
      "time": 30.0
    },
    {
      "solution": {
        "revenue": 419331
      },
      "time": 22.844101190567017
    }
  ],
  "instance": "density\u003dHIGH_nInventory\u003d10_nHours\u003d3_seed\u003d8",
  "additionalInformation": {
    "timeLimit": 7200,
    "runTime": 22.844101190567017,
    "objectiveValue": 419331.79197555606,
    "gap": 4.6352382626355E-6,
    "upperBound": 419333.73567832296
  }
}