{
  "bestSolution": {
    "revenue": 261664
  },
  "checkPoints": [
    {
      "solution": {
        "revenue": 261664
      },
      "time": 30.0
    },
    {
      "solution": {
        "revenue": 261664
      },
      "time": 8.014108180999756
    }
  ],
  "instance": "density\u003dLOW_nInventory\u003d10_nHours\u003d3_seed\u003d10",
  "additionalInformation": {
    "timeLimit": 7200,
    "runTime": 8.014108180999756,
    "objectiveValue": 261664.03464498254,
    "gap": 0.0,
    "upperBound": 261664.03464498254
  }
}