{
  "bestSolution": {
    "revenue": 450308
  },
  "checkPoints": [
    {
      "solution": {
        "revenue": 450151
      },
      "time": 30.0
    },
    {
      "solution": {
        "revenue": 450308
      },
      "time": 60.0
    },
    {
      "solution": {
        "revenue": 450308
      },
      "time": 120.0
    },
    {
      "solution": {
        "revenue": 450308
      },
      "time": 120.33145999908447
    }
  ],
  "instance": "density\u003dMEDIUM_nInventory\u003d10_nHours\u003d3_seed\u003d2",
  "additionalInformation": {
    "timeLimit": 7200,
    "runTime": 120.33145999908447,
    "objectiveValue": 450308.7378933313,
    "gap": 6.89749721021362E-5,
    "upperBound": 450339.7979259648
  }
}