{
  "bestSolution": {
    "revenue": 449475
  },
  "checkPoints": [
    {
      "solution": {
        "revenue": 449475
      },
      "time": 30.0
    },
    {
      "solution": {
        "revenue": 449475
      },
      "time": 60.0
    },
    {
      "solution": {
        "revenue": 449475
      },
      "time": 120.0
    },
    {
      "solution": {
        "revenue": 449475
      },
      "time": 108.30807304382324
    }
  ],
  "instance": "density\u003dMEDIUM_nInventory\u003d10_nHours\u003d3_seed\u003d10",
  "additionalInformation": {
    "timeLimit": 7200,
    "runTime": 108.30807304382324,
    "objectiveValue": 449475.1272557685,
    "gap": 0.0,
    "upperBound": 449475.1272557685
  }
}