{
  "bestSolution": {
    "revenue": 408401
  },
  "checkPoints": [
    {
      "solution": {
        "revenue": 408341
      },
      "time": 30.0
    },
    {
      "solution": {
        "revenue": 408401
      },
      "time": 60.0
    },
    {
      "solution": {
        "revenue": 408401
      },
      "time": 120.0
    },
    {
      "solution": {
        "revenue": 408401
      },
      "time": 67.20472502708435
    }
  ],
  "instance": "density\u003dLOW_nInventory\u003d10_nHours\u003d3_seed\u003d6",
  "additionalInformation": {
    "timeLimit": 7200,
    "runTime": 67.20472502708435,
    "objectiveValue": 408401.5368933744,
    "gap": 0.0,
    "upperBound": 408401.5368933744
  }
}