{
  "bestSolution": {
    "revenue": 408401
  },
  "checkPoints": [
    {
      "solution": {
        "revenue": 408401
      },
      "time": 30.0
    },
    {
      "solution": {
        "revenue": 408401
      },
      "time": 23.84085202217102
    }
  ],
  "instance": "density\u003dLOW_nInventory\u003d10_nHours\u003d3_seed\u003d6",
  "additionalInformation": {
    "timeLimit": 7200,
    "runTime": 23.84085202217102,
    "objectiveValue": 408401.53805622394,
    "gap": 0.0,
    "upperBound": 408401.53805622394
  }
}