{
  "bestSolution": {
    "revenue": 712251
  },
  "checkPoints": [
    {
      "solution": {
        "revenue": 712037
      },
      "time": 30.0
    },
    {
      "solution": {
        "revenue": 712037
      },
      "time": 60.0
    },
    {
      "solution": {
        "revenue": 712037
      },
      "time": 120.0
    },
    {
      "solution": {
        "revenue": 712251
      },
      "time": 126.22304201126099
    }
  ],
  "instance": "density\u003dHIGH_nInventory\u003d10_nHours\u003d3_seed\u003d6",
  "additionalInformation": {
    "timeLimit": 7200,
    "runTime": 126.22304201126099,
    "objectiveValue": 712251.236285266,
    "gap": 0.0,
    "upperBound": 712251.236285266
  }
}