{
  "bestSolution": {
    "revenue": 352171
  },
  "checkPoints": [
    {
      "solution": {
        "revenue": 350724
      },
      "time": 30.0
    },
    {
      "solution": {
        "revenue": 352171
      },
      "time": 60.0
    },
    {
      "solution": {
        "revenue": 352171
      },
      "time": 120.0
    },
    {
      "solution": {
        "revenue": 352171
      },
      "time": 13.226820945739746
    }
  ],
  "instance": "density\u003dLOW_nInventory\u003d10_nHours\u003d3_seed\u003d4",
  "additionalInformation": {
    "timeLimit": 7200,
    "runTime": 13.226820945739746,
    "objectiveValue": 352171.4328112956,
    "gap": 1.4551316708082598E-8,
    "upperBound": 352171.43793585367
  }
}