{
  "bestSolution": {
    "revenue": 291423
  },
  "checkPoints": [
    {
      "solution": {
        "revenue": 291423
      },
      "time": 30.0
    },
    {
      "solution": {
        "revenue": 291423
      },
      "time": 60.0
    },
    {
      "solution": {
        "revenue": 291423
      },
      "time": 17.07600498199463
    }
  ],
  "instance": "density\u003dLOW_nInventory\u003d10_nHours\u003d3_seed\u003d5",
  "additionalInformation": {
    "timeLimit": 7200,
    "runTime": 17.07600498199463,
    "objectiveValue": 291423.83180769713,
    "gap": 0.0,
    "upperBound": 291423.83180769713
  }
}