{
  "bestSolution": {
    "revenue": 408401
  },
  "checkPoints": [
    {
      "solution": {
        "revenue": 408401
      },
      "time": 30.0
    },
    {
      "solution": {
        "revenue": 408401
      },
      "time": 60.0
    },
    {
      "solution": {
        "revenue": 408401
      },
      "time": 28.10530996322632
    }
  ],
  "instance": "density\u003dLOW_nInventory\u003d10_nHours\u003d3_seed\u003d6",
  "additionalInformation": {
    "timeLimit": 7200,
    "runTime": 28.10530996322632,
    "objectiveValue": 408401.5536914413,
    "gap": 1.7742226158645492E-9,
    "upperBound": 408401.5544160366
  }
}