{
  "bestSolution": {
    "revenue": 336699
  },
  "checkPoints": [
    {
      "solution": {
        "revenue": 336561
      },
      "time": 30.0
    },
    {
      "solution": {
        "revenue": 336699
      },
      "time": 60.0
    },
    {
      "solution": {
        "revenue": 336699
      },
      "time": 120.0
    },
    {
      "solution": {
        "revenue": 336699
      },
      "time": 80.12084984779358
    }
  ],
  "instance": "density\u003dMEDIUM_nInventory\u003d10_nHours\u003d3_seed\u003d8",
  "additionalInformation": {
    "timeLimit": 7200,
    "runTime": 80.12084984779358,
    "objectiveValue": 336699.48519016244,
    "gap": 0.0,
    "upperBound": 336699.48519016244
  }
}