{
  "bestSolution": {
    "revenue": 640871
  },
  "checkPoints": [
    {
      "solution": {
        "revenue": 637333
      },
      "time": 30.0
    },
    {
      "solution": {
        "revenue": 640871
      },
      "time": 60.0
    },
    {
      "solution": {
        "revenue": 640871
      },
      "time": 1.7648649215698242
    }
  ],
  "instance": "density\u003dMEDIUM_nInventory\u003d10_nHours\u003d3_seed\u003d6",
  "additionalInformation": {
    "timeLimit": 7200,
    "runTime": 1.7648649215698242,
    "objectiveValue": 640871.3011105271,
    "gap": 0.0,
    "upperBound": 640871.3011105271
  }
}