{
  "bestSolution": {
    "revenue": 775183
  },
  "checkPoints": [
    {
      "solution": {
        "revenue": 769851
      },
      "time": 30.0
    },
    {
      "solution": {
        "revenue": 775183
      },
      "time": 60.0
    },
    {
      "solution": {
        "revenue": 775183
      },
      "time": 42.27422595024109
    }
  ],
  "instance": "density\u003dLOW_nInventory\u003d15_nHours\u003d4_seed\u003d10",
  "additionalInformation": {
    "timeLimit": 7200,
    "runTime": 42.27422595024109,
    "objectiveValue": 775183.4452520984,
    "gap": 7.508888543735299E-16,
    "upperBound": 775183.445252099
  }
}