{
  "bestSolution": {
    "revenue": 271719
  },
  "checkPoints": [
    {
      "solution": {
        "revenue": 271719
      },
      "time": 12.001718044281006
    }
  ],
  "instance": "density\u003dLOW_nInventory\u003d10_nHours\u003d3_seed\u003d9",
  "additionalInformation": {
    "timeLimit": 7200,
    "runTime": 12.001718044281006,
    "objectiveValue": 271719.83804183675,
    "gap": 0.0,
    "upperBound": 271719.83804183675
  }
}