{
  "bestSolution": {
    "revenue": 271719
  },
  "checkPoints": [
    {
      "solution": {
        "revenue": 271437
      },
      "time": 30.0
    },
    {
      "solution": {
        "revenue": 271437
      },
      "time": 60.0
    },
    {
      "solution": {
        "revenue": 271719
      },
      "time": 20.332215070724487
    }
  ],
  "instance": "density\u003dLOW_nInventory\u003d10_nHours\u003d3_seed\u003d9",
  "additionalInformation": {
    "timeLimit": 7200,
    "runTime": 20.332215070724487,
    "objectiveValue": 271719.83472186193,
    "gap": 0.0,
    "upperBound": 271719.83472186193
  }
}