{
  "bestSolution": {
    "revenue": 640871
  },
  "checkPoints": [
    {
      "solution": {
        "revenue": 636936
      },
      "time": 30.0
    },
    {
      "solution": {
        "revenue": 639355
      },
      "time": 60.0
    },
    {
      "solution": {
        "revenue": 640871
      },
      "time": 25.338155031204224
    }
  ],
  "instance": "density\u003dMEDIUM_nInventory\u003d10_nHours\u003d3_seed\u003d6",
  "additionalInformation": {
    "timeLimit": 7200,
    "runTime": 25.338155031204224,
    "objectiveValue": 640871.301110527,
    "gap": 8.394932234980828E-5,
    "upperBound": 640925.1018219687
  }
}