{
  "bestSolution": {
    "revenue": 640871
  },
  "checkPoints": [
    {
      "solution": {
        "revenue": 640871
      },
      "time": 30.0
    },
    {
      "solution": {
        "revenue": 640871
      },
      "time": 0.794018030166626
    }
  ],
  "instance": "density\u003dMEDIUM_nInventory\u003d10_nHours\u003d3_seed\u003d6",
  "additionalInformation": {
    "timeLimit": 7200,
    "runTime": 0.794018030166626,
    "objectiveValue": 640871.3011105271,
    "gap": 7.380730799489484E-5,
    "upperBound": 640918.6020960333
  }
}