{
  "bestSolution": {
    "revenue": 374110
  },
  "checkPoints": [
    {
      "solution": {
        "revenue": 374110
      },
      "time": 30.0
    },
    {
      "solution": {
        "revenue": 374110
      },
      "time": 18.608371019363403
    }
  ],
  "instance": "density\u003dMEDIUM_nInventory\u003d10_nHours\u003d3_seed\u003d4",
  "additionalInformation": {
    "timeLimit": 7200,
    "runTime": 18.608371019363403,
    "objectiveValue": 374110.11933906365,
    "gap": 3.111792913610691E-16,
    "upperBound": 374110.11933906376
  }
}