{
  "bestSolution": {
    "revenue": 445516
  },
  "checkPoints": [
    {
      "solution": {
        "revenue": 445516
      },
      "time": 30.0
    },
    {
      "solution": {
        "revenue": 445516
      },
      "time": 60.0
    },
    {
      "solution": {
        "revenue": 445516
      },
      "time": 120.0
    },
    {
      "solution": {
        "revenue": 445516
      },
      "time": 151.45399618148804
    }
  ],
  "instance": "density\u003dMEDIUM_nInventory\u003d10_nHours\u003d3_seed\u003d9",
  "additionalInformation": {
    "timeLimit": 7200,
    "runTime": 151.45399618148804,
    "objectiveValue": 445516.4601837236,
    "gap": 0.0,
    "upperBound": 445516.4601837236
  }
}